<?xml version="1.0" encoding="UTF-8"?>
<project-private xmlns="http://www.netbeans.org/ns/project-private/1">
    <editor-bookmarks xmlns="http://www.netbeans.org/ns/editor-bookmarks/2" lastBookmarkId="0"/>
    <open-files xmlns="http://www.netbeans.org/ns/projectui-open-files/2">
        <group>
            <file>file:/C:/Users/Bilson%20Diogo/Desktop/All/Compilador/src/compilador/AnaLex.java</file>
            <file>file:/C:/Users/Bilson%20Diogo/Desktop/All/Compilador/src/compilador/Lexico.java</file>
            <file>file:/C:/Users/Bilson%20Diogo/Desktop/All/Compilador/src/compilador/Principal.java</file>
            <file>file:/C:/Users/Bilson%20Diogo/Desktop/All/Compilador/src/compilador/Simbolo.java</file>
        </group>
    </open-files>
</project-private>
